{
	"left_top": [270, 158],
	"right_bottom": [1602, 910],
	"start_btn": [0.9558874216679657, 0.9765114965325936], 
	"AP_trackbar": [0.79345284489477786,0.7160664819944598],
	"enemy1": [0.10134710756040531, 0.05679009029126214], 
	"enemy2": [0.30173846999220577, 0.05679009029126213],
	"enemy3": [0.5005939119251753, 0.05679009029126213],
	"skill1_1": [0.05374467513639906, 0.8338446282940362], 
	"skill1_2": [0.131290360872954, 0.8338446282940362], 
	"skill1_3": [0.19702035619641467, 0.8338446282940362], 
	"skill2_1": [0.31248682930631333, 0.8338446282940362], 
	"skill2_2": [0.3838906835541699, 0.8338446282940362], 
	"skill2_3": [0.462204123928293, 0.8338446282940362], 
	"skill3_1": [0.5681579649259548, 0.8338446282940362], 
	"skill3_2": [0.642632632112237, 0.8338446282940362], 
	"skill3_3": [0.7178752595479345, 0.8338446282940362], 
	"open_master_skill": [0.9604941551052221, 0.4640161456310679],
	"mskill1": [0.7293926071706938, 0.44877964493758665], 
	"mskill2": [0.7977246204208885, 0.44877964493758665], 
	"mskill3": [0.8721992876071707, 0.44877964493758665], 
	"baoju1": [0.3301458028059236, 0.28949038002773925], 
	"baoju2": [0.5182528854247856, 0.28949038002773925], 
	"baoju3": [0.707126900233827, 0.28949038002773925], 
	"class_choose1": [0.07447476999220576, 0.182835919556172], 
	"class_choose9": [0.5082714583008573, 0.182835919556172], 
	"update_list": [0.6733438456742011, 0.18699151872399447], 
	"update_yes": [0.6718089532346064, 0.8172222316227461], 
	"ordercards_center": [[0.10365098830865159, 0.7285750194174757], [0.3147907100545596, 0.7285750194174757], [0.5220916586126267, 0.7285750194174757], [0.7224819929851909, 0.7285750194174757], [0.9366935557287607, 0.7285750194174757]], 
	"ordercards_region": [[0.03862326024941543, 0.5082478460471567], [0.18512673889321904, 0.9125012746185852], [0.23924788932190177, 0.5082478460471567], [0.40398307326578337, 0.9125012746185852], [0.44424598519095865, 0.5082478460471567], [0.610517089633671, 0.9125012746185852], [0.6507789734996103, 0.5082478460471567], [0.8070686508183944, 0.9125012746185852], [0.8603838028059236, 0.5082478460471567], [1.0274218394388155, 0.9125012746185852]], 
	"next_btn": [0.8867874481683554, 0.9737417933425797], 
	"AP_ok_btn": [0.6756477264224474, 0.8186081276005548], 
	"skill_center_servant": [0.5167169649259548, 0.6468520651872399], 
	"skill_left_servant": [0.2710272564302416, 0.6468520651872399], 
	"skill_right_servant": [0.7900470740452065, 0.6468520651872399], 
	"change_pos1": [0.11132853468433358, 0.5069549001386963], 
	"change_pos2": [0.2710272564302416, 0.5069549001386963], 
	"change_pos3": [0.42919005767731877, 0.5069549001386963], 
	"change_pos4": [0.5942624450506625, 0.5069549001386963], 
	"change_pos5": [0.757031979734996, 0.5069549001386963], 
	"change_pos6": [0.9190345822291504, 0.5069549001386963], 
	"change_ok": [0.5167169649259548, 0.9100260873786409], 
	"trackbar_start": [0.9742064091971941, 0.34909226213592237], 
	"trackbar_end": [0.9742064091971941, 0.9315549944521496],
	"give_up": [0.257209664848,0.4459833795],
	"give_up_ok": [0.68978955572876,0.498614958448753],
	"give_up_close": [0.49961,0.7728531855955679]
}