{"left_top": [173, 151],  "right_bottom" : [1512, 905], "start_btn": [0.929798, 0.935013], "enemy1": [0.098581, 0.0543767], "enemy2": [0.293503, 0.543767], "enemy3":[0.486931, 0.543767], "skill1": [0.0522778, 0.798409], "skill2": [0.127707, 0.798409], "skill3": [0.501643, 0.798409], "skill4": [0.303958, 0.798409], "skill5" : [0.373413, 0.798409], "skill6": [0.449589, 0.798409], "skill7": [0.552651, 0.798409], "skill8": [0.625093, 0.798409], "skill9": [0.698282, 0.798409], "master_skill": [0.934279, 0.444297], "mskill1": [0.709485, 0.429708], "mskill2": [0.775952, 0.429708], "mskill3": [0.848394, 0.429708], "baoju1": [0.321135, 0.277188], "baoju2": [0.504108, 0.277188], "baoju3": [0.687827, 0.277188], "zhijie1": [0.0724421, 0.175066], "zhijie9": [0.494399, 0.175066], "liebiaogengxing": [0.654966, 0.179045], "gengxing_yes": [0.653473, 0.782493], "cards_center": [[0.100822, 0.697613], [0.306199, 0.697613], [0.507842, 0.697613], [0.702763, 0.697613], [0.911128, 0.697613]], "cards_region": [[0.0425691,0.575597, 0.159074, 0.848806], [0.242718, 0.575597, 0.362957, 0.848806], [0.442121, 0.575597, 0.563854, 0.848806], [0.643017, 0.575597, 0.755041, 0.848806], [0.846901, 0.575597, 0.96938, 0.848806]], "next_btn":[0.862584, 0.932361], "buster_color": [247, 0, 0], "arts_color": [8, 99, 254], "quick_color": [249, 255, 166], "result_region": [436, 457, 487, 500], "result_color": [234, 192, 36], "AP_ok_btn": [0.657207, 0.78382], "center_servant": [0.502614, 0.619363], "left_servant": [0.26363, 0.619363], "right_servant": [0.768484, 0.619363], "atk_pos":[2021, 1063], "atk_color":[0, 204, 237], "change_pos1":[0.10829, 0.485411], "change_pos2":[0.26363, 0.485411], "change_pos3":[0.417476, 0.485411], "change_pos4":[0.578043, 0.485411], "change_pos5":[0.73637, 0.485411], "change_pos6":[0.893951, 0.485411], "change_ok":[0.502614, 0.871353]}